dataset,arithmetic,variant,query_profile,template_id,template_name,constraint_name,runs,median_ms,mean_ms,max_memory_mb
icij-leak,LRA,light,complex,1,regular01,D1,100,15.397202,18.442272,386.996094
icij-leak,LRA,light,complex,1,regular01,D2,100,14.412612,16.452625,380.660156
icij-leak,LRA,light,complex,1,regular01,D3,100,14.885693,17.522679,379.699219
icij-leak,LRA,light,complex,2,regular02,D1,100,13.622822,15.702565,380.121094
icij-leak,LRA,light,complex,2,regular02,D2,100,13.460992,15.689457,379.566406
icij-leak,LRA,light,complex,2,regular02,D3,100,15.219292,17.698102,379.347656
icij-leak,LRA,light,complex,3,regular03,D1,100,15.936906,17.225727,380.554688
icij-leak,LRA,light,complex,3,regular03,D2,100,13.397553,16.011932,380.093750
icij-leak,LRA,light,complex,3,regular03,D3,100,17.712186,19.493849,379.820312
icij-leak,LRA,light,complex,4,regular04,D1,100,13.550296,16.098199,380.308594
icij-leak,LRA,light,complex,4,regular04,D2,100,13.339227,14.762340,379.859375
icij-leak,LRA,light,complex,4,regular04,D3,100,14.636252,18.277282,379.710938
icij-leak,LRA,light,complex,5,regular05,D1,100,15.043632,17.496168,380.667969
icij-leak,LRA,light,complex,5,regular05,D2,100,15.633916,18.056792,380.324219
icij-leak,LRA,light,complex,5,regular05,D3,100,14.291572,18.165985,379.546875
icij-leak,LRA,light,complex,6,regular06,D1,100,13.720878,16.476041,379.917969
icij-leak,LRA,light,complex,6,regular06,D2,100,12.967287,16.825579,379.406250
icij-leak,LRA,light,complex,6,regular06,D3,100,12.568022,16.659742,378.988281
icij-leak,LRA,light,complex,7,regular07,D1,100,15.381082,18.572353,394.906250
icij-leak,LRA,light,complex,7,regular07,D2,100,13.655587,17.315255,380.359375
icij-leak,LRA,light,complex,7,regular07,D3,100,13.336597,16.967596,379.726562
icij-leak,LRA,light,complex,8,regular08,D1,100,12.990728,15.352210,380.230469
icij-leak,LRA,light,complex,8,regular08,D2,100,13.657726,17.167402,380.558594
icij-leak,LRA,light,complex,8,regular08,D3,100,15.617791,17.236207,379.390625
icij-leak,LRA,light,complex,9,regular09,D1,100,13.693457,16.493539,380.457031
icij-leak,LRA,light,complex,9,regular09,D2,100,13.911157,17.167401,380.007812
icij-leak,LRA,light,complex,9,regular09,D3,100,13.132197,15.658558,379.363281
icij-leak,LRA,light,complex,10,regular10,D1,100,13.759777,18.732058,380.468750
icij-leak,LRA,light,complex,10,regular10,D2,100,14.201176,25.064435,380.277344
icij-leak,LRA,light,complex,10,regular10,D3,100,16.228991,18.481458,379.800781
icij-leak,LRA,light,complex,11,regular11,D1,100,14.096246,17.317765,386.214844
icij-leak,LRA,light,complex,11,regular11,D2,100,12.714442,15.570174,380.167969
icij-leak,LRA,light,complex,11,regular11,D3,100,13.092407,15.923684,379.664062
icij-leak,LRA,light,complex,12,regular12,D1,100,14.242372,16.501921,380.621094
icij-leak,LRA,light,complex,12,regular12,D2,100,12.369397,14.834383,379.875000
icij-leak,LRA,light,complex,12,regular12,D3,100,12.416307,16.589820,379.578125
icij-leak,LRA,mid,complex,1,regular01,D1,100,14.493756,16.343074,450.820312
icij-leak,LRA,mid,complex,1,regular01,D2,100,13.109042,14.457389,441.449219
icij-leak,LRA,mid,complex,1,regular01,D3,100,14.466942,16.636474,442.882812
icij-leak,LRA,mid,complex,2,regular02,D1,100,13.746592,16.267319,450.824219
icij-leak,LRA,mid,complex,2,regular02,D2,100,13.827742,16.661242,448.875000
icij-leak,LRA,mid,complex,2,regular02,D3,100,13.357432,16.199866,441.910156
icij-leak,LRA,mid,complex,3,regular03,D1,100,13.722882,16.391888,442.730469
icij-leak,LRA,mid,complex,3,regular03,D2,100,14.702832,17.245156,450.488281
icij-leak,LRA,mid,complex,3,regular03,D3,100,14.320632,15.226597,458.441406
icij-leak,LRA,mid,complex,4,regular04,D1,100,13.706026,14.918766,426.796875
icij-leak,LRA,mid,complex,4,regular04,D2,100,12.403802,13.420561,440.984375
icij-leak,LRA,mid,complex,4,regular04,D3,100,13.875832,15.018849,441.566406
icij-leak,LRA,mid,complex,5,regular05,D1,100,14.401616,15.688281,451.382812
icij-leak,LRA,mid,complex,5,regular05,D2,100,12.648832,15.402655,450.117188
icij-leak,LRA,mid,complex,5,regular05,D3,100,12.610772,15.102196,450.035156
icij-leak,LRA,mid,complex,6,regular06,D1,100,12.778547,14.378511,442.585938
icij-leak,LRA,mid,complex,6,regular06,D2,100,10.972137,14.245946,441.308594
icij-leak,LRA,mid,complex,6,regular06,D3,100,12.120392,14.051818,450.105469
icij-leak,LRA,mid,complex,7,regular07,D1,100,13.565661,16.137482,443.117188
icij-leak,LRA,mid,complex,7,regular07,D2,100,12.733397,14.532778,442.140625
icij-leak,LRA,mid,complex,7,regular07,D3,100,13.345467,14.749161,450.921875
icij-leak,LRA,mid,complex,8,regular08,D1,100,13.226672,14.408839,450.960938
icij-leak,LRA,mid,complex,8,regular08,D2,100,13.239161,14.390146,450.082031
icij-leak,LRA,mid,complex,8,regular08,D3,100,12.639807,15.045998,449.933594
icij-leak,LRA,mid,complex,9,regular09,D1,100,13.630292,15.394669,450.453125
icij-leak,LRA,mid,complex,9,regular09,D2,100,14.781881,17.592257,442.097656
icij-leak,LRA,mid,complex,9,regular09,D3,100,13.209877,17.890396,442.363281
icij-leak,LRA,mid,complex,10,regular10,D1,100,12.927307,20.868489,443.273438
icij-leak,LRA,mid,complex,10,regular10,D2,100,12.303042,13.159293,441.050781
icij-leak,LRA,mid,complex,10,regular10,D3,100,14.377177,15.791946,450.421875
icij-leak,LRA,mid,complex,11,regular11,D1,100,12.789722,14.545780,450.378906
icij-leak,LRA,mid,complex,11,regular11,D2,100,12.328912,13.565354,449.375000
icij-leak,LRA,mid,complex,11,regular11,D3,100,11.782157,13.974670,450.285156
icij-leak,LRA,mid,complex,12,regular12,D1,100,13.376767,15.110661,443.296875
icij-leak,LRA,mid,complex,12,regular12,D2,100,13.053557,14.077038,449.472656
icij-leak,LRA,mid,complex,12,regular12,D3,100,13.516141,15.441943,449.820312
icij-leak,LRA,heavy,complex,1,regular01,D1,100,13.618711,14.831901,451.554688
icij-leak,LRA,heavy,complex,1,regular01,D2,100,12.134717,14.951981,381.265625
icij-leak,LRA,heavy,complex,1,regular01,D3,100,14.216521,15.479322,441.621094
icij-leak,LRA,heavy,complex,2,regular02,D1,100,11.337092,14.461061,451.335938
icij-leak,LRA,heavy,complex,2,regular02,D2,100,11.527947,14.533503,379.925781
icij-leak,LRA,heavy,complex,2,regular02,D3,100,14.503961,15.950147,442.058594
icij-leak,LRA,heavy,complex,3,regular03,D1,100,14.056047,15.792243,444.023438
icij-leak,LRA,heavy,complex,3,regular03,D2,100,11.199927,12.037930,380.527344
icij-leak,LRA,heavy,complex,3,regular03,D3,100,12.892772,14.196133,449.507812
icij-leak,LRA,heavy,complex,4,regular04,D1,100,14.511687,16.053350,451.710938
icij-leak,LRA,heavy,complex,4,regular04,D2,100,10.389132,13.509067,380.699219
icij-leak,LRA,heavy,complex,4,regular04,D3,100,12.473337,13.583236,442.656250
icij-leak,LRA,heavy,complex,5,regular05,D1,100,13.546292,14.924736,444.011719
icij-leak,LRA,heavy,complex,5,regular05,D2,100,11.571762,14.241502,381.273438
icij-leak,LRA,heavy,complex,5,regular05,D3,100,12.520677,13.894072,449.644531
icij-leak,LRA,heavy,complex,6,regular06,D1,100,12.680611,14.426494,450.398438
icij-leak,LRA,heavy,complex,6,regular06,D2,100,11.727592,12.332254,379.945312
icij-leak,LRA,heavy,complex,6,regular06,D3,100,12.569342,14.575436,442.531250
icij-leak,LRA,heavy,complex,7,regular07,D1,100,14.830866,15.895228,451.253906
icij-leak,LRA,heavy,complex,7,regular07,D2,100,12.489626,13.975351,381.199219
icij-leak,LRA,heavy,complex,7,regular07,D3,100,13.180812,13.833433,450.468750
icij-leak,LRA,heavy,complex,8,regular08,D1,100,14.061432,15.466444,444.265625
icij-leak,LRA,heavy,complex,8,regular08,D2,100,13.016611,14.838983,380.519531
icij-leak,LRA,heavy,complex,8,regular08,D3,100,12.484922,13.971039,442.902344
icij-leak,LRA,heavy,complex,9,regular09,D1,100,12.847827,14.537799,451.652344
icij-leak,LRA,heavy,complex,9,regular09,D2,100,11.195872,12.263868,381.207031
icij-leak,LRA,heavy,complex,9,regular09,D3,100,11.717022,13.020287,443.074219
icij-leak,LRA,heavy,complex,10,regular10,D1,100,13.039267,15.099400,436.066406
icij-leak,LRA,heavy,complex,10,regular10,D2,100,10.988607,12.753692,381.015625
icij-leak,LRA,heavy,complex,10,regular10,D3,100,12.621077,13.816121,442.636719
icij-leak,LRA,heavy,complex,11,regular11,D1,100,12.114376,14.984872,443.042969
icij-leak,LRA,heavy,complex,11,regular11,D2,100,10.344407,12.344593,380.484375
icij-leak,LRA,heavy,complex,11,regular11,D3,100,12.575242,13.760689,442.601562
icij-leak,LRA,heavy,complex,12,regular12,D1,100,14.132851,15.848209,442.761719
icij-leak,LRA,heavy,complex,12,regular12,D2,100,11.794486,12.755509,380.667969
icij-leak,LRA,heavy,complex,12,regular12,D3,100,12.233212,14.129993,450.738281
icij-leak,LIA,light,complex,1,regular01,D4,100,18.458620,34.929977,383.488281
icij-leak,LIA,light,complex,1,regular01,D5,100,30.476677,38.618242,379.187500
icij-leak,LIA,light,complex,1,regular01,D6,100,18.304680,27.176334,402.910156
icij-leak,LIA,light,complex,2,regular02,D4,100,15.312856,27.309826,379.250000
icij-leak,LIA,light,complex,2,regular02,D5,100,25.628313,28.455190,379.191406
icij-leak,LIA,light,complex,2,regular02,D6,100,17.688500,27.843814,379.183594
icij-leak,LIA,light,complex,3,regular03,D4,100,18.088755,26.706225,379.496094
icij-leak,LIA,light,complex,3,regular03,D5,100,27.094813,30.210336,379.074219
icij-leak,LIA,light,complex,3,regular03,D6,100,25.268114,31.116813,379.167969
icij-leak,LIA,light,complex,4,regular04,D4,100,15.717106,27.922176,379.558594
icij-leak,LIA,light,complex,4,regular04,D5,100,14.865866,30.904347,378.992188
icij-leak,LIA,light,complex,4,regular04,D6,100,26.232268,30.334702,379.039062
icij-leak,LIA,light,complex,5,regular05,D4,100,14.054776,25.321097,379.421875
icij-leak,LIA,light,complex,5,regular05,D5,100,26.279508,30.170622,379.312500
icij-leak,LIA,light,complex,5,regular05,D6,100,16.353580,27.029957,379.148438
icij-leak,LIA,light,complex,6,regular06,D4,100,15.882531,26.582692,383.031250
icij-leak,LIA,light,complex,6,regular06,D5,100,25.613053,28.185082,379.058594
icij-leak,LIA,light,complex,6,regular06,D6,100,15.041821,26.918201,378.675781
icij-leak,LIA,light,complex,7,regular07,D4,100,26.854639,28.296764,379.644531
icij-leak,LIA,light,complex,7,regular07,D5,100,15.034816,26.468640,378.980469
icij-leak,LIA,light,complex,7,regular07,D6,100,18.651450,26.969405,394.691406
icij-leak,LIA,light,complex,8,regular08,D4,100,15.610366,26.964078,379.179688
icij-leak,LIA,light,complex,8,regular08,D5,100,15.783171,26.967850,378.914062
icij-leak,LIA,light,complex,8,regular08,D6,100,23.594038,27.527712,379.511719
icij-leak,LIA,light,complex,9,regular09,D4,100,15.660616,27.249931,379.621094
icij-leak,LIA,light,complex,9,regular09,D5,100,18.135615,25.840725,379.417969
icij-leak,LIA,light,complex,9,regular09,D6,100,15.273771,26.915325,379.261719
icij-leak,LIA,light,complex,10,regular10,D4,100,15.429846,25.197008,379.234375
icij-leak,LIA,light,complex,10,regular10,D5,100,13.353237,22.931078,362.867188
icij-leak,LIA,light,complex,10,regular10,D6,100,14.628861,24.469968,379.332031
icij-leak,LIA,light,complex,11,regular11,D4,100,15.512391,24.146115,379.273438
icij-leak,LIA,light,complex,11,regular11,D5,100,15.065601,24.700270,378.816406
icij-leak,LIA,light,complex,11,regular11,D6,100,15.077746,26.806861,379.187500
icij-leak,LIA,light,complex,12,regular12,D4,100,16.403500,29.320652,379.296875
icij-leak,LIA,light,complex,12,regular12,D5,100,14.215611,23.555316,378.917969
icij-leak,LIA,light,complex,12,regular12,D6,100,15.081377,27.975880,379.527344
icij-leak,LIA,mid,complex,1,regular01,D4,100,14.067276,24.877018,433.578125
icij-leak,LIA,mid,complex,1,regular01,D5,100,15.876300,30.984238,458.027344
icij-leak,LIA,mid,complex,1,regular01,D6,100,18.172840,26.015097,442.156250
icij-leak,LIA,mid,complex,2,regular02,D4,100,14.788756,25.789578,448.203125
icij-leak,LIA,mid,complex,2,regular02,D5,100,14.351136,27.016295,449.031250
icij-leak,LIA,mid,complex,2,regular02,D6,100,16.657636,29.929699,442.546875
icij-leak,LIA,mid,complex,3,regular03,D4,100,32.525031,30.889847,449.386719
icij-leak,LIA,mid,complex,3,regular03,D5,100,26.008408,26.752790,448.929688
icij-leak,LIA,mid,complex,3,regular03,D6,100,23.713579,27.897217,442.363281
icij-leak,LIA,mid,complex,4,regular04,D4,100,15.355551,25.859276,450.023438
icij-leak,LIA,mid,complex,4,regular04,D5,100,15.345301,27.194356,448.625000
icij-leak,LIA,mid,complex,4,regular04,D6,100,17.172196,26.073075,442.324219
icij-leak,LIA,mid,complex,5,regular05,D4,100,15.145686,25.307517,448.949219
icij-leak,LIA,mid,complex,5,regular05,D5,100,14.169181,23.892613,449.398438
icij-leak,LIA,mid,complex,5,regular05,D6,100,14.286996,23.364268,442.320312
icij-leak,LIA,mid,complex,6,regular06,D4,100,15.117671,24.745138,432.769531
icij-leak,LIA,mid,complex,6,regular06,D5,100,14.253821,24.549121,448.949219
icij-leak,LIA,mid,complex,6,regular06,D6,100,14.822061,24.746471,442.039062
icij-leak,LIA,mid,complex,7,regular07,D4,100,13.410282,23.730045,449.121094
icij-leak,LIA,mid,complex,7,regular07,D5,100,15.645045,27.000004,433.175781
icij-leak,LIA,mid,complex,7,regular07,D6,100,14.765351,21.850399,442.226562
icij-leak,LIA,mid,complex,8,regular08,D4,100,15.073951,24.008817,441.070312
icij-leak,LIA,mid,complex,8,regular08,D5,100,12.830367,21.548552,448.578125
icij-leak,LIA,mid,complex,8,regular08,D6,100,15.069376,25.035038,442.429688
icij-leak,LIA,mid,complex,9,regular09,D4,100,15.147061,28.531388,441.484375
icij-leak,LIA,mid,complex,9,regular09,D5,100,13.804216,23.600163,441.480469
icij-leak,LIA,mid,complex,9,regular09,D6,100,16.548800,28.355609,442.601562
icij-leak,LIA,mid,complex,10,regular10,D4,100,16.875946,25.538518,441.382812
icij-leak,LIA,mid,complex,10,regular10,D5,100,14.567841,22.552221,441.496094
icij-leak,LIA,mid,complex,10,regular10,D6,100,17.752085,25.942049,442.199219
icij-leak,LIA,mid,complex,11,regular11,D4,100,13.021752,21.347042,448.742188
icij-leak,LIA,mid,complex,11,regular11,D5,100,13.665627,22.418425,448.312500
icij-leak,LIA,mid,complex,11,regular11,D6,100,14.282642,23.495440,443.367188
icij-leak,LIA,mid,complex,12,regular12,D4,100,14.555641,24.328527,441.484375
icij-leak,LIA,mid,complex,12,regular12,D5,100,15.956426,26.373807,441.437500
icij-leak,LIA,mid,complex,12,regular12,D6,100,15.292076,27.272105,442.132812
icij-leak,LIA,heavy,complex,1,regular01,D4,100,15.083531,24.534511,436.890625
icij-leak,LIA,heavy,complex,1,regular01,D5,100,15.149511,26.940860,449.609375
icij-leak,LIA,heavy,complex,1,regular01,D6,100,15.938961,24.546230,449.625000
icij-leak,LIA,heavy,complex,2,regular02,D4,100,13.167746,24.474268,436.089844
icij-leak,LIA,heavy,complex,2,regular02,D5,100,14.928211,23.833138,435.996094
icij-leak,LIA,heavy,complex,2,regular02,D6,100,15.307131,22.202694,442.003906
icij-leak,LIA,heavy,complex,3,regular03,D4,100,17.330801,27.090601,436.546875
icij-leak,LIA,heavy,complex,3,regular03,D5,100,14.600961,24.496402,436.824219
icij-leak,LIA,heavy,complex,3,regular03,D6,100,15.327361,24.965322,442.199219
icij-leak,LIA,heavy,complex,4,regular04,D4,100,14.055692,23.568645,436.511719
icij-leak,LIA,heavy,complex,4,regular04,D5,100,15.248481,25.675630,436.039062
icij-leak,LIA,heavy,complex,4,regular04,D6,100,16.252741,26.760852,442.125000
icij-leak,LIA,heavy,complex,5,regular05,D4,100,15.882005,25.326107,444.648438
icij-leak,LIA,heavy,complex,5,regular05,D5,100,14.915471,21.026319,444.523438
icij-leak,LIA,heavy,complex,5,regular05,D6,100,14.721287,22.158512,450.347656
icij-leak,LIA,heavy,complex,6,regular06,D4,100,13.989276,21.970693,444.156250
icij-leak,LIA,heavy,complex,6,regular06,D5,100,15.585876,24.175874,444.324219
icij-leak,LIA,heavy,complex,6,regular06,D6,100,14.978221,30.193749,449.144531
icij-leak,LIA,heavy,complex,7,regular07,D4,100,13.957396,26.147015,441.710938
icij-leak,LIA,heavy,complex,7,regular07,D5,100,13.668997,21.757259,436.308594
icij-leak,LIA,heavy,complex,7,regular07,D6,100,16.517535,24.182265,443.449219
icij-leak,LIA,heavy,complex,8,regular08,D4,100,14.021676,24.551311,436.734375
icij-leak,LIA,heavy,complex,8,regular08,D5,100,13.422057,22.714099,436.726562
icij-leak,LIA,heavy,complex,8,regular08,D6,100,14.156776,24.120670,442.480469
icij-leak,LIA,heavy,complex,9,regular09,D4,100,13.519056,23.326857,436.445312
icij-leak,LIA,heavy,complex,9,regular09,D5,100,12.544522,22.637007,436.496094
icij-leak,LIA,heavy,complex,9,regular09,D6,100,15.126256,20.268263,442.164062
icij-leak,LIA,heavy,complex,10,regular10,D4,100,14.371396,22.928046,436.570312
icij-leak,LIA,heavy,complex,10,regular10,D5,100,13.141606,22.567294,441.582031
icij-leak,LIA,heavy,complex,10,regular10,D6,100,15.482541,22.702364,442.437500
icij-leak,LIA,heavy,complex,11,regular11,D4,100,13.274662,21.002138,436.566406
icij-leak,LIA,heavy,complex,11,regular11,D5,100,13.131121,21.431313,436.257812
icij-leak,LIA,heavy,complex,11,regular11,D6,100,15.766326,25.543515,442.304688
icij-leak,LIA,heavy,complex,12,regular12,D4,100,15.390780,23.396339,436.609375
icij-leak,LIA,heavy,complex,12,regular12,D5,100,13.517022,22.154539,444.671875
icij-leak,LIA,heavy,complex,12,regular12,D6,100,15.813330,21.870850,442.148438
